haley,haleyp,jeff,jaemin,matthew,jongmin
M,M,M,M,m,male
F,F,F,F,f,female
F,F,F,F,f,female
M,M,M,M,m,male
F,F,F,F,f,female
F,F,F,F,f,female
M,M,M,M,m,male
M,M,M,M,m,male
M,M,M,M,m,male
F,F,F,F,f,female
M,M,M,M,m,male
M,M,M,M,m,male
M,M,M,M,m,male
M,M,M,M,m,male
M,M,M,M,m,male
M,M,M,M,m,male
M,M,M,M,m,male
F,F,F,F,f,female
F,F,F,F,f,female
M,M,M,M,m,male
M,M,M,M,m,male
F,F,F,F,f,female
F,F,F,F,f,female
M,M,M,M,m,male
M,M,M,M,m,male
M,M,M,M,m,male
M,M,M,M,m,male
F,F,F,F,f,female
M,M,M,M,m,male
M,M,M,M,m,male
M,M,M,M,m,male
M,M,M,M,m,male
F,F,F,F,f,female
M,M,M,M,m,male
F,F,F,F,f,female
F,F,F,F,f,female
M,M,M,M,m,male
M,M,M,M,m,male
M,M,M,M,m,male
F,F,F,F, f,female
F,F,F,F,f,female
M,M,M,M,m,male
M,M,M,M,f,male
M,M,M,M,m,male
F,F,F,F,f,female
M,M,M,M,m,male
M,M,M,M,m,male
M,M,M,M,m,male
F,F,F,F,f,female
M,M,M,M,m,male
M,M,M,M,m,male
M,M,M,M,m,male
F,F,F,F,f,female
F,F,F,F,f,female
F,F,F,F,f,female
M,M,M,M,m,male
F,F,F,F,f,female
M,M,M,M,m,male
F,F,F,F,f,female
F,F,F,F,f,female
M,M,M,M,m,male
F,F,F,F,f,female
F,F,F,F,f,female
M,M,M,M,m,male
M,M,M,F,m,U
M,M,M,M,m,male
M,M,M,M,m,male
F,F,F,F,f,female
M,M,M,M,m,male
M,M,M,U,m,male
M,M,M,U,m,male
F,F,F,F,f,female
F,F,F,F,f,female
F,F,F,F,f,female
F,F,F,F,f,female
M,M,M,M,m,male
F,F,F,F,f,female
F,F,F,F,f,female
F,F,F,F,f,female
F,F,F,F,f,female
F,F,F,F,f,female
F,F,F,F,f,female
M,M,M,M,m,male
M,M,U,F,m,male
F,F,F,F,f,female
M,M,M,M,m,male
F,F,F,F,f,female
M,M,M,M,m,male
F,F,F,F,f,female
M,M,M,M,m,male
M,M,M,M,m,male
M,M,M,M,m,male
M,M,M,M,m,male
M,M,M,M,m,male
M,M,M,M,m,male
F,F,F,F,f,female
M,M,M,M,m,male
F,F,F,F,f,female
F,F,F,F,f,female
M,M,M,M,m,male
F,F,F,F,f,female
F,F,F,F,f,female
M,M,M,M,m,male
M,M,F,M,m,male
F,F,F,F,f,female
M,M,F,M,m,male
F,F,F,F,f,female
M,M,M,M,m,male
M,M,M,M,m,male
M,M,M,M,m,male
F,F,F,F,f,female
M,M,M,M,m,male
F,F,F,F,f,female
F,F,F,F,f,female
M,M,M,M,m,male
M,M,M,M,m,male
M,M,M,M,m,male
M,M,M,M,m,male
F,F,F,F,f,female
F,F,M,U,f,female
F,F,F,F,f,female
M,M,M,M,m,male
M,M,M,M,m,male
M,M,M,M,m,male
F,F,F,F,f,female
F,F,F,F,f,female
F,F,F,F,f,female
F,F,F,F,f,female
M,M,M,M,m,male
M,M,M,M,m,male
F,F,F,F,f,female
M,M,M,M,m,male
M,M,M,M,m,male
F,F,F,F,f,female
M,M,M,M,m,male
F,F,F,F,f,female
M,M,M,M,m,male
M,M,M,M,m,male
F,F,F,F,f,female
F,F,F,F,f,female
F,F,F,F,f,female
M,M,M,M,m,male
F,F,F,F,f,female
F,F,M,F,f,female
M,M,M,M,m,male
F,F,F,F,f,female
M,M,M,M,m,male
F,M,M,U,f,female
F,F,F,F,f,female
M,M,M,M,m,male
F,F,F,F,f,female
F,F,F,F,f,female
M,M,M,M,m,male
M,M,M,M,m,male
F,F,F,F,f,female
F,F,F,F,f,female
F,F,F,F,f,female
F,F,F,F,f,female
F,F,F,F,f,female
F,F,M,M,f,female
F,F,F,F,f,female
M,M,M,M,m,male
M,M,M,M,m,male
M,M,M,M,m,male
M,M,M,M,m,male
F,F,F,F,f,female
M,M,M,M,m,male
F,F,F,F,f,female
M,M,M,M,m,male
M,M,M,M,m,male
F,F,F,F,f,female
F,F,F,F,f,female
F,F,F,F,f,female
M,M,M,M,m,male
M,M,M,M,m,male
F,F,F,F,f,female
F,F,F,F,f,female
M,M,M,M,m,male
F,F,F,F,f,female
F,F,F,F,f,female
M,M,M,U,m,male
F,F,F,F,f,female
F,F,F,F,f,female
M,M,M,M,m,male
F,F,F,F,m,female
F,F,F,F,f,female
M,M,M,M,m,male
F,M,M,M,m,male
F,F,F,F,f,female
M,M,F,M,m,male
M,M,M,M,m,male
M,M,M,M,m,male
F,F,F,F,f,female
F,F,F,F,f,female
M,M,M,M,m,male
F,F,F,F,f,female
F,F,F,F,f,female
M,M,M,U,m,male
M,M,M,M,m,male
F,F,F,F,f,female