genderize,jongmin,matthew
female,,
female,,
female,,
female,,
female,,
male,99,99
female,,
male,,
male,,
male,,
male,,
male,,
male,,
male,,
male,,
female,,
male,,
male,,
male,,
male,,
male,,
male,,
female,,
male,,
male,,
,F,F
male,,
male,,
,99,M
female,,
female,,
male,,
female,,
male,,
male,,
male,,
female,,
female,,
male,,
male,,99
female,,
male,,
female,M,M
male,F,F
female,,
male,,
male,,
male,,
female,,
male,,
female,,
male,,
female,M,M
male,,
male,,
female,,
male,,
male,,
male,,
male,,
female,,
female,,
male,,
female,,
male,,
male,,
male,99,
female,,
male,,
female,,
female,,
female,,
male,,
male,,
male,,
male,,
,M,M
female,,
male,,
male,,
male,99,
male,,
male,,
male,,
male,,
male,,
male,,
female,,
female,99,M
female,,
male,,
male,,
male,,
male,,
male,,
male,,
male,F,F
male,F,F
male,99,
female,,
female,99,99
female,,
female,,
female,,
male,99,
female,,
male,,
female,,
male,,
male,,
female,,
male,,
male,,
female,,
male,,
male,,
male,,
male,99,
female,,
female,,
female,,
male,99,
male,,
male,,
male,,
female,,
male,99,
male,,
female,,
female,,
male,,
female,,
male,,
female,,
female,99,
male,,
male,,
female,99,
male,,
male,,
male,F,F
male,,
female,,
female,,
female,,
female,,
male,,
female,,
female,,
female,99,
male,,
male,,
male,,
male,99,99
male,,
female,,
male,,
male,,
female,,
,F,F
female,,
male,,
female,,
male,,
male,,
male,,
male,,
male,,
male,,
male,,
male,,
male,,
male,,
male,,
male,,
male,,
male,,
female,,
male,99,99
female,,
male,,
male,,
male,,
male,,
male,,
female,,
male,,
female,,
male,,
male,,
male,,
male,,
male,,
male,,
male,,
female,,
female,,
male,,
male,,
male,,